ID;FileName;FileSize;x1;y1;x2;y2;SRID;Geometry4326
0;nldas_boston_30m.tif;4108701;-71.19124909999994;42.22773567663172;-70.9226613303647;42.39697750200003;4326;POLYGON ((-71.19124603271484 42.22773742675781, -70.92266082763672 42.22773742675781, -70.92266082763672 42.396976470947266, -71.19124603271484 42.396976470947266, -71.19124603271484 42.22773742675781))
